model,reactions number,removed reactions,converted reactions,non-converted reactions,recall,precision,f1
merlin,1307,334,864,109,0.687960687960688,0.3267211201866978,0.4430379746835443
aureme,423,47,314,62,0.6191646191646192,0.802547770700637,0.6990291262135923
autokeggrec model,673,0,623,50,0.6216216216216216,0.4100486223662885,0.494140625
carveme model,1453,537,644,272,0.7936117936117936,0.5159744408945687,0.6253630203291384
modelseed model,1274,238,1034,2,0.14987714987714987,0.05899419729206963,0.08466342817487854
pathwaytools model,2077,810,820,447,0.515970515970516,0.25925925925925924,0.3451109285127363
raven model,3184,0,2727,457,0.7985257985257985,0.11979358643568006,0.20833333333333331
merlin bit model,665,105,392,168,0.6904176904176904,0.7168367346938775,0.7033792240300375
