model,reactions number,removed reactions,converted reactions,non-converted reactions,recall,precision,f1,true positives,false positives,false negatives,ratio,jaccard distance
merlin-BS,1813,560,1135,118,0.41519823788546256,0.3330388692579505,0.3696078431372549,377.0,755.0,531.0,0.49933774834437084,0.7733012627781118
AuReMe,881,178,583,120,0.5222222222222223,0.8216783216783217,0.6385869565217391,470.0,102.0,430.0,4.607843137254902,0.530938123752495
autoKEGGrec,884,0,834,50,0.3947078280044101,0.43080625752105894,0.41196777905638665,358.0,473.0,549.0,0.7568710359408034,0.7405797101449275
CarveMe,2307,924,881,502,0.6237402015677491,0.661520190023753,0.6420749279538905,557.0,285.0,336.0,1.9543859649122808,0.5271646859083192
ModelSEED,1336,185,1150,1,0.0970556161395856,0.07739130434782608,0.08611514271891631,89.0,1061.0,828.0,0.08388312912346843,0.955005055611729
PathwayTools,1334,35,936,363,0.2844638949671772,0.28077753779697623,0.28260869565217384,260.0,666.0,654.0,0.39039039039039036,0.8354430379746836
RAVEN,3577,0,3042,535,0.4944933920704846,0.14828269484808454,0.22815040650406504,449.0,2579.0,459.0,0.17409848778596354,0.8712360195010037
merlin-BIT,1526,337,992,197,0.6915367483296214,0.6356192425793245,0.6624,621.0,356.0,277.0,1.7443820224719102,0.5047846889952153
