model,reactions number,removed reactions,converted reactions,non-converted reactions,recall,precision,f1,true positives,false positives,false negatives,ratio,jaccard distance
merlin-BS,1441,228,1122,91,0.618848167539267,0.5281501340482574,0.5699132111861138,591.0,528.0,364.0,1.1193181818181819,0.6014834794335806
AuReMe,432,89,218,125,0.1997907949790795,0.8842592592592593,0.325938566552901,191.0,25.0,765.0,7.64,0.8053007135575942
autoKEGGrec,567,0,539,28,0.4179728317659352,0.74487895716946,0.535475234270415,400.0,137.0,557.0,2.9197080291970803,0.6343692870201096
PathwayTools,1533,243,340,950,0.2544502617801047,0.7297297297297297,0.37732919254658387,243.0,90.0,712.0,2.7,0.7674641148325358
RAVEN,2655,0,2445,210,0.8951781970649895,0.351440329218107,0.5047281323877069,854.0,1576.0,100.0,0.5418781725888325,0.6624505928853754
merlin-BIT,564,106,115,343,0.100418410041841,0.8495575221238938,0.1796071094480823,96.0,17.0,860.0,5.647058823529412,0.9013360739979445
