model,genes number,recall,precision,f1
merlin,858,0.6727272727272727,0.6037296037296037,0.6363636363636364
aureme,452,0.4701298701298701,0.8008849557522124,0.5924713584288052
autokeggrec model,934,0.674025974025974,0.5556745182012848,0.6091549295774648
carveme model,1026,0.7571428571428571,0.5682261208576999,0.6492204899777282
modelseed model,675,0.5727272727272728,0.6533333333333333,0.6103806228373703
pathwaytools model,780,0.6038961038961039,0.5961538461538461,0.6
raven model,1415,0.7467532467532467,0.40636042402826855,0.5263157894736842
merlin bit model,814,0.6454545454545455,0.6105651105651105,0.6275252525252525
