model,genes number,recall,precision,f1,true positives,false positives,false negatives,ratio,jaccard distance
merlin,725,0.6744505494505495,0.6772413793103448,0.6758430832759807,491.0,234.0,237.0,2.0982905982905984,0.48960498960498966
aureme,317,0.39972527472527475,0.917981072555205,0.5569377990430622,291.0,26.0,437.0,11.192307692307692,0.6140583554376657
autokeggrec model,807,0.7293956043956044,0.6579925650557621,0.69185667752443,531.0,276.0,197.0,1.923913043478261,0.4711155378486056
carveme model,808,0.6662087912087912,0.6002475247524752,0.6315104166666666,485.0,323.0,243.0,1.501547987616099,0.538534728829686
modelseed model,718,0.6703296703296703,0.6796657381615598,0.6749654218533886,488.0,230.0,240.0,2.121739130434783,0.49060542797494777
pathwaytools model,856,0.6964285714285714,0.5922897196261683,0.6401515151515152,507.0,349.0,221.0,1.4527220630372493,0.5292479108635098
raven model,1295,0.8365384615384616,0.4702702702702703,0.6020761245674742,609.0,686.0,119.0,0.8877551020408163,0.5693069306930694
merlin bit model,552,0.6112637362637363,0.8061594202898551,0.6953125000000001,445.0,107.0,283.0,4.158878504672897,0.46706586826347307
