model,reactions number,removed reactions,converted reactions,non-converted reactions,recall,precision,f1,true positives,false positives,false negatives,ratio,jaccard distance
merlin,1307,334,460,513,0.687960687960688,0.6181015452538632,0.6511627906976746,280.0,173.0,127.0,1.6184971098265897,0.5172413793103448
aureme,423,47,314,62,0.6191646191646192,0.802547770700637,0.6990291262135923,252.0,62.0,155.0,4.064516129032258,0.4626865671641791
autokeggrec model,673,0,387,286,0.6216216216216216,0.6640419947506562,0.6421319796954316,253.0,128.0,154.0,1.9765625,0.5271028037383177
carveme model,1453,537,644,272,0.7886977886977887,0.512779552715655,0.6214908034849952,321.0,305.0,86.0,1.0524590163934426,0.5491573033707865
modelseed model,1274,238,616,420,0.7058823529411765,0.4675324675324675,0.5625,288.0,328.0,120.0,0.8780487804878049,0.6086956521739131
pathwaytools model,2077,810,338,929,0.5135135135135135,0.625748502994012,0.5641025641025641,209.0,125.0,198.0,1.672,0.6071428571428572
raven model,3184,0,971,2213,0.7960687960687961,0.3360995850622407,0.4726477024070022,324.0,640.0,83.0,0.50625,0.6905444126074498
merlin bit model,665,105,392,168,0.687960687960688,0.7142857142857143,0.7008760951188986,280.0,112.0,127.0,2.5,0.4605009633911368
