model,reactions number,removed reactions,converted reactions,non-converted reactions,recall,precision,f1,true positives,false positives,false negatives,ratio,jaccard distance
merlin,1307,334,785,188,0.7492625368731564,0.327319587628866,0.4556053811659193,254.0,522.0,85.0,0.48659003831417624,0.7049941927990708
aureme,423,47,235,141,0.6076696165191741,0.8765957446808511,0.7177700348432056,206.0,29.0,133.0,7.103448275862069,0.4402173913043478
autokeggrec model,673,0,615,58,0.7345132743362832,0.41225165562913907,0.528101802757158,249.0,355.0,90.0,0.7014084507042253,0.6412103746397695
carveme model,1453,537,641,275,0.8731563421828908,0.504258943781942,0.6393088552915767,296.0,291.0,43.0,1.0171821305841924,0.5301587301587302
modelseed model,1274,238,1035,1,0.7227138643067846,0.2369439071566731,0.3568827385287691,245.0,789.0,94.0,0.3105196451204056,0.7828014184397163
pathwaytools model,2077,810,647,620,0.6135693215339233,0.3219814241486068,0.4223350253807107,208.0,438.0,131.0,0.4748858447488584,0.7323037323037322
raven model,3184,0,2337,847,0.8731563421828908,0.12753123653597587,0.2225563909774436,296.0,2025.0,43.0,0.14617283950617285,0.8747884940778342
merlin bit model,665,105,351,209,0.7050147492625368,0.6809116809116809,0.6927536231884058,239.0,112.0,100.0,2.1339285714285716,0.4700665188470067
