model,reactions number,removed reactions,converted reactions,non-converted reactions,recall,precision,f1
merlin,1441,228,1122,91,0.618848167539267,0.5281501340482574,0.5699132111861138
aureme,432,89,244,99,0.19351464435146443,0.7676348547717843,0.3091060985797828
autokeggrec model,567,0,539,28,0.4179728317659352,0.74487895716946,0.535475234270415
modelseed model,1014,196,817,1,0.04911180773249739,0.05752753977968176,0.05298759864712514
pathwaytools model,1533,243,850,440,0.2481675392670157,0.2831541218637993,0.26450892857142855
raven model,2655,0,2445,210,0.8951781970649895,0.351440329218107,0.5047281323877069
merlin bit model,564,106,170,288,0.09728033472803348,0.5670731707317073,0.1660714285714286
