model,reactions number,removed reactions,converted reactions,non-converted reactions,recall,precision,f1,true positives,false positives,false negatives,ratio,jaccard distance
merlin,1441,228,1122,91,0.618848167539267,0.5281501340482574,0.5699132111861138,591.0,528.0,364.0,1.1193181818181819,0.6014834794335806
aureme,432,89,244,99,0.19351464435146443,0.7676348547717843,0.3091060985797828,185.0,56.0,771.0,3.3035714285714284,0.8171936758893281
autokeggrec model,567,0,539,28,0.4179728317659352,0.74487895716946,0.535475234270415,400.0,137.0,557.0,2.9197080291970803,0.6343692870201096
modelseed model,1014,196,817,1,0.04911180773249739,0.05752753977968176,0.05298759864712514,47.0,770.0,910.0,0.06103896103896104,0.9727851766068326
pathwaytools model,1533,243,850,440,0.2481675392670157,0.2831541218637993,0.26450892857142855,237.0,600.0,718.0,0.395,0.8475884244372991
raven model,2655,0,2445,210,0.8951781970649895,0.351440329218107,0.5047281323877069,854.0,1576.0,100.0,0.5418781725888325,0.6624505928853754
merlin bit model,564,106,170,288,0.09728033472803348,0.5670731707317073,0.1660714285714286,93.0,71.0,863.0,1.3098591549295775,0.9094449853943525
