model,genes number,recall,precision,f1,true positives,false positives,false negatives,ratio,jaccard distance
merlin,708,0.6266924564796905,0.4576271186440678,0.5289795918367347,324.0,384.0,193.0,0.84375,0.6403995560488347
aureme,243,0.20352781546811397,0.6172839506172839,0.30612244897959184,150.0,93.0,587.0,1.6129032258064515,0.8192771084337349
autokeggrec model,772,0.5051724137931034,0.3795336787564767,0.4334319526627219,293.0,479.0,287.0,0.6116910229645094,0.7233238904627006
modelseed model,463,0.33987915407854985,0.48596112311015116,0.39999999999999997,225.0,238.0,437.0,0.9453781512605042,0.75
pathwaytools model,1236,0.7217573221757322,0.279126213592233,0.4025670945157526,345.0,891.0,133.0,0.3872053872053872,0.747991234477721
raven model,1017,0.9282296650717703,0.3815142576204523,0.5407665505226481,388.0,629.0,30.0,0.6168521462639109,0.6294173829990448
merlin bit model,104,0.07459207459207459,0.6153846153846154,0.13305613305613304,64.0,40.0,794.0,1.6,0.9287305122494433
